-- phpMyAdmin SQL Dump
-- version 4.7.3
-- https://www.phpmyadmin.net/
--
-- Хост: 127.0.0.1:3306
-- Время создания: Мар 12 2018 г., 18:36
-- Версия сервера: 5.7.19
-- Версия PHP: 7.0.21

SET SQL_MODE = "NO_AUTO_VALUE_ON_ZERO";
SET AUTOCOMMIT = 0;
START TRANSACTION;
SET time_zone = "+00:00";


/*!40101 SET @OLD_CHARACTER_SET_CLIENT=@@CHARACTER_SET_CLIENT */;
/*!40101 SET @OLD_CHARACTER_SET_RESULTS=@@CHARACTER_SET_RESULTS */;
/*!40101 SET @OLD_COLLATION_CONNECTION=@@COLLATION_CONNECTION */;
/*!40101 SET NAMES utf8mb4 */;

--
-- База данных: `bbq`
--

-- --------------------------------------------------------

--
-- Структура таблицы `addresses`
--

CREATE TABLE `addresses` (
  `id` int(11) NOT NULL,
  `address` varchar(255) NOT NULL,
  `created_at` timestamp NULL DEFAULT CURRENT_TIMESTAMP
) ENGINE=InnoDB DEFAULT CHARSET=utf8;

--
-- Дамп данных таблицы `addresses`
--

INSERT INTO `addresses` (`id`, `address`, `created_at`) VALUES
(2, 'ул.Верхняя 11А', '2018-02-16 09:13:16'),
(3, 'ул. Нижняя 3Б', '2018-02-16 09:17:00'),
(4, 'ул.Средняя 24', '2018-02-16 09:17:12');

-- --------------------------------------------------------

--
-- Структура таблицы `auth_assignment`
--

CREATE TABLE `auth_assignment` (
  `item_name` varchar(64) COLLATE utf8_unicode_ci NOT NULL,
  `user_id` varchar(64) COLLATE utf8_unicode_ci NOT NULL,
  `created_at` int(11) DEFAULT NULL
) ENGINE=InnoDB DEFAULT CHARSET=utf8 COLLATE=utf8_unicode_ci;

--
-- Дамп данных таблицы `auth_assignment`
--

INSERT INTO `auth_assignment` (`item_name`, `user_id`, `created_at`) VALUES
('Администратор', '1', 1517858871),
('Администратор', '14', 1530535758),
('Администратор', '21', 1538478133);

-- --------------------------------------------------------

--
-- Структура таблицы `auth_item`
--

CREATE TABLE `auth_item` (
  `name` varchar(64) COLLATE utf8_unicode_ci NOT NULL,
  `type` smallint(6) NOT NULL,
  `description` text COLLATE utf8_unicode_ci,
  `rule_name` varchar(64) COLLATE utf8_unicode_ci DEFAULT NULL,
  `data` blob,
  `created_at` int(11) DEFAULT NULL,
  `updated_at` int(11) DEFAULT NULL
) ENGINE=InnoDB DEFAULT CHARSET=utf8 COLLATE=utf8_unicode_ci;

--
-- Дамп данных таблицы `auth_item`
--

INSERT INTO `auth_item` (`name`, `type`, `description`, `rule_name`, `data`, `created_at`, `updated_at`) VALUES
('/*', 2, NULL, NULL, NULL, 1520150398, 1520150398),
('Администратор', 1, NULL, NULL, NULL, 1517858831, 1520442765),
('Менеджер', 1, NULL, NULL, NULL, 1517858840, 1517858840);

-- --------------------------------------------------------

--
-- Структура таблицы `auth_item_child`
--

CREATE TABLE `auth_item_child` (
  `parent` varchar(64) COLLATE utf8_unicode_ci NOT NULL,
  `child` varchar(64) COLLATE utf8_unicode_ci NOT NULL
) ENGINE=InnoDB DEFAULT CHARSET=utf8 COLLATE=utf8_unicode_ci;

--
-- Дамп данных таблицы `auth_item_child`
--

INSERT INTO `auth_item_child` (`parent`, `child`) VALUES
('Администратор', '/*');

-- --------------------------------------------------------

--
-- Структура таблицы `auth_rule`
--

CREATE TABLE `auth_rule` (
  `name` varchar(64) COLLATE utf8_unicode_ci NOT NULL,
  `data` blob,
  `created_at` int(11) DEFAULT NULL,
  `updated_at` int(11) DEFAULT NULL
) ENGINE=InnoDB DEFAULT CHARSET=utf8 COLLATE=utf8_unicode_ci;

-- --------------------------------------------------------

--
-- Структура таблицы `back_call`
--

CREATE TABLE `back_call` (
  `id` int(11) NOT NULL,
  `name` varchar(255) NOT NULL,
  `phone` varchar(255) NOT NULL,
  `status` int(11) DEFAULT '0',
  `created_at` timestamp NULL DEFAULT CURRENT_TIMESTAMP
) ENGINE=InnoDB DEFAULT CHARSET=utf8;

-- --------------------------------------------------------

--
-- Структура таблицы `category`
--

CREATE TABLE `category` (
  `id` int(11) NOT NULL,
  `name` varchar(255) NOT NULL,
  `description` text NOT NULL,
  `picture` varchar(255) DEFAULT NULL,
  `picture_alt` varchar(255) DEFAULT NULL,
  `picture_title` varchar(255) DEFAULT NULL,
  `status` int(11) NOT NULL DEFAULT '1',
  `created_at` timestamp NULL DEFAULT CURRENT_TIMESTAMP
) ENGINE=InnoDB DEFAULT CHARSET=utf8;

--
-- Дамп данных таблицы `category`
--

INSERT INTO `category` (`id`, `name`, `description`, `picture`, `picture_alt`, `picture_title`, `status`, `created_at`) VALUES
(14, 'Напитки', '<p><strong>Вкусные напитки.</strong></p>\r\n', '/backend/web/storage/category_images/5a89c61d0c611.jpg', '', '', 1, '2018-02-18 18:29:49'),
(15, 'Десерты', '<p>Вкусные десерты.</p>\r\n', '/backend/web/storage/category_images/5a89c63546b60.jpg', '', '', 1, '2018-02-18 18:30:13'),
(16, 'Супы', '<p>Вкусные супы.</p>\r\n', '/backend/web/storage/category_images/5a89c6485866c.jpg', '', '', 1, '2018-02-18 18:30:32'),
(17, 'Салаты', '<p>Вкусные салаты.</p>\r\n', '/backend/web/storage/category_images/5a89c659a8fa8.jpg', '', '', 1, '2018-02-18 18:30:49'),
(18, 'Гриль', '<p>Вкусный гриль.</p>\r\n', '/backend/web/storage/category_images/5a89c66e74e1e.jpg', '', '', 1, '2018-02-18 18:31:10'),
(19, 'Бургеры', '<p>Вкусные бургеры.</p>\r\n', '/backend/web/storage/category_images/5a89c67faaf01.jpg', '', '', 1, '2018-02-18 18:31:27');

-- --------------------------------------------------------

--
-- Структура таблицы `city_area`
--

CREATE TABLE `city_area` (
  `id` int(11) NOT NULL,
  `region` varchar(255) NOT NULL,
  `delivery_price` decimal(10,2) NOT NULL
) ENGINE=InnoDB DEFAULT CHARSET=utf8;

--
-- Дамп данных таблицы `city_area`
--

INSERT INTO `city_area` (`id`, `region`, `delivery_price`) VALUES
(1, 'Центр', '50.00'),
(2, 'Правый берег', '65.00'),
(3, 'Бабурка', '80.00'),
(4, 'Павло-Кичкас', '70.00'),
(5, 'Шевченковский', '80.00'),
(6, 'Космос', '85.00'),
(7, 'Пески', '75.00');

-- --------------------------------------------------------

--
-- Структура таблицы `common_seo`
--

CREATE TABLE `common_seo` (
  `id` int(11) NOT NULL,
  `fb_app_id` varchar(255) DEFAULT NULL,
  `fb_admins` varchar(255) DEFAULT NULL,
  `og_site_name` varchar(255) DEFAULT NULL,
  `twitter_site` varchar(255) DEFAULT NULL
) ENGINE=InnoDB DEFAULT CHARSET=utf8;

--
-- Дамп данных таблицы `common_seo`
--

INSERT INTO `common_seo` (`id`, `fb_app_id`, `fb_admins`, `og_site_name`, `twitter_site`) VALUES
(1, '12332456', 'Admin', 'bbq', 'bbq');

-- --------------------------------------------------------

--
-- Структура таблицы `page_seo`
--

CREATE TABLE `page_seo` (
  `id` int(11) NOT NULL,
  `title_page` varchar(255) DEFAULT NULL,
  `meta_title` varchar(255) DEFAULT NULL,
  `meta_description` text,
  `og_title` varchar(255) DEFAULT NULL,
  `og_description` text,
  `og_image` varchar(255) DEFAULT NULL,
  `twitter_card` varchar(255) DEFAULT NULL,
  `twitter_title` varchar(255) DEFAULT NULL,
  `twitter_description` text,
  `twitter_image` varchar(255) DEFAULT NULL,
  `twitter_image_alt` varchar(255) DEFAULT NULL,
  `page_priority` varchar(10) DEFAULT NULL,
  `update_frequency` varchar(255) DEFAULT NULL,
  `product_id` int(11) DEFAULT NULL,
  `category_id` int(11) DEFAULT NULL
) ENGINE=InnoDB DEFAULT CHARSET=utf8;

--
-- Дамп данных таблицы `page_seo`
--

INSERT INTO `page_seo` (`id`, `title_page`, `meta_title`, `meta_description`, `og_title`, `og_description`, `og_image`, `twitter_card`, `twitter_title`, `twitter_description`, `twitter_image`, `twitter_image_alt`, `page_priority`, `update_frequency`, `product_id`, `category_id`) VALUES
(1, 'Main page', 'dsfg', 'sdfg', 'sdfg', 'dsfg', '/backend/web/storage/seo_images/5a89c33c58475.jpg', 'sdfg', 'sdfg', 'sdfg', '/backend/web/storage/seo_images/5a89c33c58a3c.jpg', 'image_alt', '1', 'week', NULL, NULL),
(10, '', '', '', '', '', NULL, '', '', '', NULL, '', '', '', NULL, 14),
(11, '', '', '', '', '', NULL, '', '', '', NULL, '', '', '', NULL, 15),
(12, '', '', '', '', '', NULL, '', '', '', NULL, '', '', '', NULL, 16),
(13, '', '', '', '', '', NULL, '', '', '', NULL, '', '', '', NULL, 17),
(14, '', '', '', '', '', NULL, '', '', '', NULL, '', '', '', NULL, 18),
(15, '', '', '', '', '', NULL, '', '', '', NULL, '', '', '', NULL, 19),
(16, '', '', '', '', '', NULL, '', '', '', NULL, '', '', '', 3, NULL);

-- --------------------------------------------------------

--
-- Структура таблицы `payment_system`
--

CREATE TABLE `payment_system` (
  `id` int(11) NOT NULL,
  `public_key` text NOT NULL,
  `private_key` text NOT NULL,
  `payment_name` varchar(255) NOT NULL,
  `sandbox` int(11) NOT NULL
) ENGINE=InnoDB DEFAULT CHARSET=utf8;

--
-- Дамп данных таблицы `payment_system`
--

INSERT INTO `payment_system` (`id`, `public_key`, `private_key`, `payment_name`, `sandbox`) VALUES
(1, 'ZmdqbmZ5Njdodmc0NWh5ZjRmaDdm', 'c2RmZ3NkZmczNDV3Y3R3dGM0Y3Q=', 'Оплата заказа', 1);

-- --------------------------------------------------------

--
-- Структура таблицы `phones`
--

CREATE TABLE `phones` (
  `id` int(11) NOT NULL,
  `phone` varchar(50) NOT NULL,
  `created_at` timestamp NULL DEFAULT CURRENT_TIMESTAMP
) ENGINE=InnoDB DEFAULT CHARSET=utf8;

--
-- Дамп данных таблицы `phones`
--

INSERT INTO `phones` (`id`, `phone`, `created_at`) VALUES
(2, '+3 (050) 874 39 32', '2018-02-16 09:14:09'),
(3, '+3 (096) 789 45 61', '2018-02-16 09:14:16'),
(4, '+3 (345) 634 56 34', '2018-02-16 09:16:33');

-- --------------------------------------------------------

--
-- Структура таблицы `products`
--

CREATE TABLE `products` (
  `id` int(11) NOT NULL,
  `category_id` int(11) NOT NULL,
  `title` varchar(255) NOT NULL,
  `description` text NOT NULL,
  `composition` text NOT NULL,
  `picture` varchar(255) DEFAULT NULL,
  `picture_alt` varchar(255) DEFAULT NULL,
  `picture_title` varchar(255) DEFAULT NULL,
  `price` decimal(10,2) NOT NULL,
  `discount_price` decimal(10,2) DEFAULT NULL,
  `status` int(11) DEFAULT '1',
  `created_at` timestamp NULL DEFAULT CURRENT_TIMESTAMP
) ENGINE=InnoDB DEFAULT CHARSET=utf8;

--
-- Дамп данных таблицы `products`
--

INSERT INTO `products` (`id`, `category_id`, `title`, `description`, `composition`, `picture`, `picture_alt`, `picture_title`, `price`, `discount_price`, `status`, `created_at`) VALUES
(3, 19, 'Бургер', '<p>Сочный бургер.</p>\r\n', '<p>Состоит из мяса</p>\r\n', '/backend/web/storage/product_images/5a89c70d6736b.png', '', '', '89.50', '75.99', 1, '2018-02-18 18:33:49');

-- --------------------------------------------------------

--
-- Структура таблицы `profile`
--

CREATE TABLE `profile` (
  `id` int(11) NOT NULL,
  `name` varchar(255) NOT NULL,
  `surname` varchar(255) NOT NULL,
  `phone` varchar(255) DEFAULT NULL,
  `avatar` varchar(255) DEFAULT NULL,
  `created_at` timestamp NULL DEFAULT CURRENT_TIMESTAMP,
  `user_id` int(11) NOT NULL
) ENGINE=InnoDB DEFAULT CHARSET=utf8;

--
-- Дамп данных таблицы `profile`
--

INSERT INTO `profile` (`id`, `name`, `surname`, `phone`, `avatar`, `created_at`, `user_id`) VALUES
(1, 'Влад', 'Батькович', '+3 (097) 678 94 51', '/backend/web/storage/user_avatars/5a7ffaf410b8d.jpg', '2018-02-06 09:25:13', 1),
(11, 'Name', 'Surname', NULL, '/backend/web/storage/user_avatars/5a7ad97187a94.jpg', '2018-02-07 09:49:18', 14),
(18, 'Администратор', 'Администраторович', '+3 (097) 867 36 31', '/backend/web/storage/user_avatars/5a7f4fc58ab35.jpg', '2018-02-10 20:02:13', 21);

-- --------------------------------------------------------

--
-- Структура таблицы `recommend_products`
--

CREATE TABLE `recommend_products` (
  `id` int(11) NOT NULL,
  `product_id` int(11) NOT NULL,
  `status` int(11) DEFAULT '1',
  `created_at` timestamp NULL DEFAULT CURRENT_TIMESTAMP
) ENGINE=InnoDB DEFAULT CHARSET=utf8;

--
-- Дамп данных таблицы `recommend_products`
--

INSERT INTO `recommend_products` (`id`, `product_id`, `status`, `created_at`) VALUES
(6, 3, 0, '2018-02-18 18:34:16');

-- --------------------------------------------------------

--
-- Структура таблицы `site_settings`
--

CREATE TABLE `site_settings` (
  `id` int(11) NOT NULL,
  `name` varchar(255) NOT NULL,
  `contact_email` varchar(255) NOT NULL,
  `logo` varchar(255) DEFAULT NULL,
  `logo_alt` varchar(255) DEFAULT NULL,
  `logo_title` varchar(255) DEFAULT NULL,
  `time_from` varchar(10) NOT NULL,
  `time_to` varchar(10) NOT NULL,
  `score` int(11) NOT NULL,
  `facebook_url` varchar(255) DEFAULT NULL,
  `instagram_url` varchar(255) DEFAULT NULL,
  `facebook_status` int(11) DEFAULT '1',
  `instagram_status` int(11) DEFAULT '1',
  `main_address` text NOT NULL,
  `latitude` varchar(255) DEFAULT NULL,
  `longitude` varchar(255) DEFAULT NULL
) ENGINE=InnoDB DEFAULT CHARSET=utf8;

--
-- Дамп данных таблицы `site_settings`
--

INSERT INTO `site_settings` (`id`, `name`, `contact_email`, `logo`, `logo_alt`, `logo_title`, `time_from`, `time_to`, `score`, `facebook_url`, `instagram_url`, `facebook_status`, `instagram_status`, `main_address`, `latitude`, `longitude`) VALUES
(1, 'BBQ delivery', 'vasya@gmail.com', '/backend/web/storage/site_logo/5a856fe254585.jpg', 'logo', 'bbq', '08:00', '20:00', 50, 'https://www.facebook.com/', 'https://www.instagram.com/?hl=ru', 1, 1, 'улица Патриотическая, 17, Запорожье, Запорожская область, Украина', '47.8485804', '35.11274419999995');

-- --------------------------------------------------------

--
-- Структура таблицы `user`
--

CREATE TABLE `user` (
  `id` int(11) NOT NULL,
  `username` varchar(255) COLLATE utf8_unicode_ci NOT NULL,
  `auth_key` varchar(32) COLLATE utf8_unicode_ci NOT NULL,
  `password_hash` varchar(255) COLLATE utf8_unicode_ci NOT NULL,
  `password_reset_token` varchar(255) COLLATE utf8_unicode_ci DEFAULT NULL,
  `email` varchar(255) COLLATE utf8_unicode_ci NOT NULL,
  `status` smallint(6) NOT NULL DEFAULT '10',
  `created_at` int(11) NOT NULL,
  `updated_at` int(11) NOT NULL
) ENGINE=InnoDB DEFAULT CHARSET=utf8 COLLATE=utf8_unicode_ci;

--
-- Дамп данных таблицы `user`
--

INSERT INTO `user` (`id`, `username`, `auth_key`, `password_hash`, `password_reset_token`, `email`, `status`, `created_at`, `updated_at`) VALUES
(1, 'admin', 't4lPoUKAyP63FC2CV5f-luTIfNiG-Fls', '$2y$13$YexAeUZHyRupPo4Jb87e7uSAumr9F6aepc5tqZg5DSXqwean5dwjW', NULL, 'prybylov.v@gmail.com', 10, 1517858167, 1520768958),
(14, 'Name_5a7ada7999d35', 'SZRkgQ9jmer26fw0LlOwhU6UF6ce126s', '$2y$13$rH4fWuW.0EzM99gN.suQe.l.vJzSh97tMbMSvUna/1uTvXkHuYDwG', NULL, 'some@gmail.com', 10, 1517996958, 1518864297),
(21, 'Администратор_5a7f4fc4cb663', 'uLZN4fiSohSioetHOLqhoL3bTSx9X6Hi', '$2y$13$QSBMC9snjDNwYgDOV5alJ.tyizLsjJ35eJhD0KpvvPWZyIY6Q.a7K', NULL, 'prybylov2.v@gmail.com', 10, 1518292933, 1518445847);

--
-- Индексы сохранённых таблиц
--

--
-- Индексы таблицы `addresses`
--
ALTER TABLE `addresses`
  ADD PRIMARY KEY (`id`);

--
-- Индексы таблицы `auth_assignment`
--
ALTER TABLE `auth_assignment`
  ADD PRIMARY KEY (`item_name`,`user_id`),
  ADD KEY `auth_assignment_user_id_idx` (`user_id`);

--
-- Индексы таблицы `auth_item`
--
ALTER TABLE `auth_item`
  ADD PRIMARY KEY (`name`),
  ADD KEY `rule_name` (`rule_name`),
  ADD KEY `idx-auth_item-type` (`type`);

--
-- Индексы таблицы `auth_item_child`
--
ALTER TABLE `auth_item_child`
  ADD PRIMARY KEY (`parent`,`child`),
  ADD KEY `child` (`child`);

--
-- Индексы таблицы `auth_rule`
--
ALTER TABLE `auth_rule`
  ADD PRIMARY KEY (`name`);

--
-- Индексы таблицы `back_call`
--
ALTER TABLE `back_call`
  ADD PRIMARY KEY (`id`);

--
-- Индексы таблицы `category`
--
ALTER TABLE `category`
  ADD PRIMARY KEY (`id`);

--
-- Индексы таблицы `city_area`
--
ALTER TABLE `city_area`
  ADD PRIMARY KEY (`id`);

--
-- Индексы таблицы `common_seo`
--
ALTER TABLE `common_seo`
  ADD PRIMARY KEY (`id`);

--
-- Индексы таблицы `page_seo`
--
ALTER TABLE `page_seo`
  ADD PRIMARY KEY (`id`),
  ADD KEY `page_seo_ibfk_1` (`product_id`),
  ADD KEY `page_seo_ibfk_2` (`category_id`);

--
-- Индексы таблицы `payment_system`
--
ALTER TABLE `payment_system`
  ADD PRIMARY KEY (`id`);

--
-- Индексы таблицы `phones`
--
ALTER TABLE `phones`
  ADD PRIMARY KEY (`id`);

--
-- Индексы таблицы `products`
--
ALTER TABLE `products`
  ADD PRIMARY KEY (`id`),
  ADD KEY `products_ibfk_1` (`category_id`);

--
-- Индексы таблицы `profile`
--
ALTER TABLE `profile`
  ADD PRIMARY KEY (`id`),
  ADD KEY `profile_ibfk_1` (`user_id`);

--
-- Индексы таблицы `recommend_products`
--
ALTER TABLE `recommend_products`
  ADD PRIMARY KEY (`id`),
  ADD KEY `recommend_products_ibfk_1` (`product_id`);

--
-- Индексы таблицы `site_settings`
--
ALTER TABLE `site_settings`
  ADD PRIMARY KEY (`id`);

--
-- Индексы таблицы `user`
--
ALTER TABLE `user`
  ADD PRIMARY KEY (`id`),
  ADD UNIQUE KEY `email` (`email`),
  ADD UNIQUE KEY `username` (`username`),
  ADD UNIQUE KEY `password_reset_token` (`password_reset_token`);

--
-- AUTO_INCREMENT для сохранённых таблиц
--

--
-- AUTO_INCREMENT для таблицы `addresses`
--
ALTER TABLE `addresses`
  MODIFY `id` int(11) NOT NULL AUTO_INCREMENT, AUTO_INCREMENT=5;
--
-- AUTO_INCREMENT для таблицы `back_call`
--
ALTER TABLE `back_call`
  MODIFY `id` int(11) NOT NULL AUTO_INCREMENT;
--
-- AUTO_INCREMENT для таблицы `category`
--
ALTER TABLE `category`
  MODIFY `id` int(11) NOT NULL AUTO_INCREMENT, AUTO_INCREMENT=20;
--
-- AUTO_INCREMENT для таблицы `city_area`
--
ALTER TABLE `city_area`
  MODIFY `id` int(11) NOT NULL AUTO_INCREMENT, AUTO_INCREMENT=8;
--
-- AUTO_INCREMENT для таблицы `common_seo`
--
ALTER TABLE `common_seo`
  MODIFY `id` int(11) NOT NULL AUTO_INCREMENT, AUTO_INCREMENT=2;
--
-- AUTO_INCREMENT для таблицы `page_seo`
--
ALTER TABLE `page_seo`
  MODIFY `id` int(11) NOT NULL AUTO_INCREMENT, AUTO_INCREMENT=17;
--
-- AUTO_INCREMENT для таблицы `payment_system`
--
ALTER TABLE `payment_system`
  MODIFY `id` int(11) NOT NULL AUTO_INCREMENT, AUTO_INCREMENT=2;
--
-- AUTO_INCREMENT для таблицы `phones`
--
ALTER TABLE `phones`
  MODIFY `id` int(11) NOT NULL AUTO_INCREMENT, AUTO_INCREMENT=5;
--
-- AUTO_INCREMENT для таблицы `products`
--
ALTER TABLE `products`
  MODIFY `id` int(11) NOT NULL AUTO_INCREMENT, AUTO_INCREMENT=4;
--
-- AUTO_INCREMENT для таблицы `profile`
--
ALTER TABLE `profile`
  MODIFY `id` int(11) NOT NULL AUTO_INCREMENT, AUTO_INCREMENT=19;
--
-- AUTO_INCREMENT для таблицы `recommend_products`
--
ALTER TABLE `recommend_products`
  MODIFY `id` int(11) NOT NULL AUTO_INCREMENT, AUTO_INCREMENT=7;
--
-- AUTO_INCREMENT для таблицы `site_settings`
--
ALTER TABLE `site_settings`
  MODIFY `id` int(11) NOT NULL AUTO_INCREMENT, AUTO_INCREMENT=2;
--
-- AUTO_INCREMENT для таблицы `user`
--
ALTER TABLE `user`
  MODIFY `id` int(11) NOT NULL AUTO_INCREMENT, AUTO_INCREMENT=22;
--
-- Ограничения внешнего ключа сохраненных таблиц
--

--
-- Ограничения внешнего ключа таблицы `auth_assignment`
--
ALTER TABLE `auth_assignment`
  ADD CONSTRAINT `auth_assignment_ibfk_1` FOREIGN KEY (`item_name`) REFERENCES `auth_item` (`name`) ON DELETE CASCADE ON UPDATE CASCADE;

--
-- Ограничения внешнего ключа таблицы `auth_item`
--
ALTER TABLE `auth_item`
  ADD CONSTRAINT `auth_item_ibfk_1` FOREIGN KEY (`rule_name`) REFERENCES `auth_rule` (`name`) ON DELETE SET NULL ON UPDATE CASCADE;

--
-- Ограничения внешнего ключа таблицы `auth_item_child`
--
ALTER TABLE `auth_item_child`
  ADD CONSTRAINT `auth_item_child_ibfk_1` FOREIGN KEY (`parent`) REFERENCES `auth_item` (`name`) ON DELETE CASCADE ON UPDATE CASCADE,
  ADD CONSTRAINT `auth_item_child_ibfk_2` FOREIGN KEY (`child`) REFERENCES `auth_item` (`name`) ON DELETE CASCADE ON UPDATE CASCADE;

--
-- Ограничения внешнего ключа таблицы `page_seo`
--
ALTER TABLE `page_seo`
  ADD CONSTRAINT `page_seo_ibfk_1` FOREIGN KEY (`product_id`) REFERENCES `products` (`id`) ON DELETE CASCADE,
  ADD CONSTRAINT `page_seo_ibfk_2` FOREIGN KEY (`category_id`) REFERENCES `category` (`id`) ON DELETE CASCADE;

--
-- Ограничения внешнего ключа таблицы `products`
--
ALTER TABLE `products`
  ADD CONSTRAINT `products_ibfk_1` FOREIGN KEY (`category_id`) REFERENCES `category` (`id`) ON DELETE CASCADE;

--
-- Ограничения внешнего ключа таблицы `profile`
--
ALTER TABLE `profile`
  ADD CONSTRAINT `profile_ibfk_1` FOREIGN KEY (`user_id`) REFERENCES `user` (`id`) ON DELETE CASCADE;

--
-- Ограничения внешнего ключа таблицы `recommend_products`
--
ALTER TABLE `recommend_products`
  ADD CONSTRAINT `recommend_products_ibfk_1` FOREIGN KEY (`product_id`) REFERENCES `products` (`id`) ON DELETE CASCADE;
COMMIT;

/*!40101 SET CHARACTER_SET_CLIENT=@OLD_CHARACTER_SET_CLIENT */;
/*!40101 SET CHARACTER_SET_RESULTS=@OLD_CHARACTER_SET_RESULTS */;
/*!40101 SET COLLATION_CONNECTION=@OLD_COLLATION_CONNECTION */;
